UF,MUNICIPIO,ESTABELECIMENTO,LOGRADOURO,NUMERO,BAIRRO,ENDERECO_COMPLETO,latitude,longitude,address,point
AP,AMAPA,PM APA UBS NOVA BRASILIA,RUA CONEGO DOMINGO MALTEZ,S/N,NOVA BRASILIA,"RUA CONEGO DOMINGO MALTEZ, NOVA BRASILIA, AMAPA, AP, BRASIL",,,,
AP,AMAPA,PM APA P S VISTA ALEGRE,COMUNIDADE DO VISTA ALEGRE,S/N,ZONA RURAL,"COMUNIDADE DO VISTA ALEGRE, ZONA RURAL, AMAPA, AP, BRASIL",,,,
AP,AMAPA,PM APA P S CRUZEIRO,COMUNIDADE DO CRUZEIRO,S/N,ZONA RURAL,"COMUNIDADE DO CRUZEIRO, ZONA RURAL, AMAPA, AP, BRASIL",,,,
AP,AMAPA,PM APA P S AMAPA GRANDE,COMUNIDADE DO AMAPA GRANDE,S/N,ZONA RURAL,"COMUNIDADE DO AMAPA GRANDE, ZONA RURAL, AMAPA, AP, BRASIL",,,,
AP,AMAPA,PM APA UBS PIQUIA,COMUNIDADE DO PIQUIA,S/N,COMUNIDADE DO PIQUIA,"COMUNIDADE DO PIQUIA, COMUNIDADE DO PIQUIA, AMAPA, AP, BRASIL",,,,
AP,AMAPA,PM APA P S BASE AEREA,COMUNIDADE DA BASE AEREA,S/N,ZONA RURAL,"COMUNIDADE DA BASE AEREA, ZONA RURAL, AMAPA, AP, BRASIL",,,,
AP,AMAPA,PM APA PS DO SUCURIJU,COMUNIDADE DE SUCURIJU,S/N,C SUCURIJU,"COMUNIDADE DE SUCURIJU, C SUCURIJU, AMAPA, AP, BRASIL",,,,
AP,AMAPA,SES AP UNID MISTA DE SAUDE DE AMAPA,AVN GUARANI,742,NOVA ESPERANCA,"AVN GUARANI, NOVA ESPERANCA, AMAPA, AP, BRASIL",,,,
AP,AMAPA,PM APA PS CALAFATE,COMUNIDADE DO CALAFATE,S/N,CALAFATE,"COMUNIDADE DO CALAFATE, CALAFATE, AMAPA, AP, BRASIL",,,,
AP,CALCOENE,PMC UBS DR JOSE RIBAMAR CAVALCANTE,AV ANTONIO TEODORO LEAL,227,CENTRO,"AV ANTONIO TEODORO LEAL, CENTRO, CALCOENE, AP, BRASIL",,,,
AP,CALCOENE,PMC POSTO MUNICIPAL DE SAUDE DO CUNANI,VILA DO CUNANI,S/N,V CUNANI,"VILA DO CUNANI, V CUNANI, CALCOENE, AP, BRASIL",,,,
AP,CALCOENE,PMC UBS DO CARNOT,COMUNIDADE DO CARNOT,S/N,C CARNOT,"COMUNIDADE DO CARNOT, C CARNOT, CALCOENE, AP, BRASIL",,,,
AP,CALCOENE,PMC UBS GILMAR RAMOS VIEIRA,AV MANOEL SARMENTO,100,CEA,"AV MANOEL SARMENTO, CEA, CALCOENE, AP, BRASIL",,,,
AP,CALCOENE,UNIDADE BASICA DE SAUDE DO LORENCO,VILA DO LOURENCO,S/N,LOURENCO,"VILA DO LOURENCO, LOURENCO, CALCOENE, AP, BRASIL",,,,
AP,CALCOENE,SES AP UNID MISTA DE SAUDE DE CALCOENE,ANTONIO TEODORO LEAL,S/N,CENTRO,"ANTONIO TEODORO LEAL, CENTRO, CALCOENE, AP, BRASIL",,,,
AP,CUTIAS,PM CUT UBS AMERICO COELHO PEREIRA,RUA LEUVENCIO DA SILVA,S/N,CENTRO,"RUA LEUVENCIO DA SILVA, CENTRO, CUTIAS, AP, BRASIL",,,,
AP,CUTIAS,PM CUT PS GURUPORA,RUA GURUPORA,S/N,CENTRO,"RUA GURUPORA, CENTRO, CUTIAS, AP, BRASIL",,,,
AP,CUTIAS,PM CUT PS LIVRAMENTO DO PACUI,RUA LIVRAMENTO,S/N,CENTRO,"RUA LIVRAMENTO, CENTRO, CUTIAS, AP, BRASIL",,,,
AP,CUTIAS,PM CUT PS SAO PAULO DO B ARAGUARI,BAIXO ARAGUARI,S/N,RIBEIRNHO,"BAIXO ARAGUARI, RIBEIRNHO, CUTIAS, AP, BRASIL",,,,
AP,CUTIAS,PM CUT PS DE PRACUUBA DO ARAGUARI,RIO ARAGUARI,S/N,RIO ARAGUARI,"RIO ARAGUARI, RIO ARAGUARI, CUTIAS, AP, BRASIL",,,,
AP,FERREIRA GOMES,PMFG UBS MARIA JOANA MOREIRA DOS SANTOS,RUA MANOEL LINO LEAL,S/N,MONTANHA,"RUA MANOEL LINO LEAL, MONTANHA, FERREIRA GOMES, AP, BRASIL",,,,
AP,FERREIRA GOMES,PMFG UBS MARIA EMILIA BATISTA FERREIRA,DISTRITO DO PAREDAO,S/N,ZONA RURAL,"DISTRITO DO PAREDAO, ZONA RURAL, FERREIRA GOMES, AP, BRASIL",,,,
AP,FERREIRA GOMES,PMFG UBS MARIA LEONICE TAVARES MOREIRA,RUA CASTELO BRANCO,S/N,CENTRO,"RUA CASTELO BRANCO, CENTRO, FERREIRA GOMES, AP, BRASIL",,,,
AP,FERREIRA GOMES,PMFG UBS JOAO DE SOUZA MOREIRA,COMUNIDADE DO FERREIRINHA,S/N,ZONA RURAL,"COMUNIDADE DO FERREIRINHA, ZONA RURAL, FERREIRA GOMES, AP, BRASIL",,,,
AP,FERREIRA GOMES,PMFG UBS TRIUNFO DO ARAGUARI,TRIUNFO DO ARAGUARI,S/N,ZONA RURAL,"TRIUNFO DO ARAGUARI, ZONA RURAL, FERREIRA GOMES, AP, BRASIL",,,,
AP,FERREIRA GOMES,SES AP UNID MISTA DE SAUDE DE FERREIRA GOMES,AV LUZIA SERRA CAVALCANTE,774,CENTRO,"AV LUZIA SERRA CAVALCANTE, CENTRO, FERREIRA GOMES, AP, BRASIL",,,,
AP,ITAUBAL,PM ITA UBS CARMO DO MACACOARI,COMUNIDADE CARMO DO MACACOARI,1,VILA CDO MACACOARI,"COMUNIDADE CARMO DO MACACOARI, VILA CDO MACACOARI, ITAUBAL, AP, BRASIL",,,,
AP,ITAUBAL,PM ITA PS DO URUA,COMUNIDADE DO URUA,S/N,VILA DO URUA,"COMUNIDADE DO URUA, VILA DO URUA, ITAUBAL, AP, BRASIL",,,,
AP,ITAUBAL,PM ITA PS IGARAPE NOVO,LOCALIDADE DO IGARAPE NOVO,1,MARG DRIO AMAZONAS,"LOCALIDADE DO IGARAPE NOVO, MARG DRIO AMAZONAS, ITAUBAL, AP, BRASIL",,,,
AP,ITAUBAL,PM ITA UBS DE ITAUBAL,RUA JOAO PALHA DOS REIS,1,CENTRO,"RUA JOAO PALHA DOS REIS, CENTRO, ITAUBAL, AP, BRASIL",,,,
AP,ITAUBAL,PM ITA PS IPIXUNA GRANDE,IGARAPE IPIXUNA GRANDE,1,MARGD RIO AMAZONAS,"IGARAPE IPIXUNA GRANDE, MARGD RIO AMAZONAS, ITAUBAL, AP, BRASIL",,,,
AP,ITAUBAL,PM ITA PS FOZ DO MACACOARI,VILA,1,CENTRO,"VILA, CENTRO, ITAUBAL, AP, BRASIL",,,,
AP,ITAUBAL,PM ITA PS SAO TOME,COMUNIDADE SAO TOME,1,VILA,"COMUNIDADE SAO TOME, VILA, ITAUBAL, AP, BRASIL",,,,
AP,ITAUBAL,PM ITA PS DO INAJA,VILA,1,CENTRO,"VILA, CENTRO, ITAUBAL, AP, BRASIL",,,,
AP,ITAUBAL,PM ITA UBS SANTA MARIA DO CURICACA,COMUNIDADE SANTA MARIA DO CURICACA,1,CURICACA,"COMUNIDADE SANTA MARIA DO CURICACA, CURICACA, ITAUBAL, AP, BRASIL",,,,
AP,LARANJAL DO JARI,PMLAJ UBS SILVINO MELO,RUA RIO BRANCO,1471,SAGRADO CORACAO DE J,"RUA RIO BRANCO, SAGRADO CORACAO DE J, LARANJAL DO JARI, AP, BRASIL",,,,
AP,LARANJAL DO JARI,PMLAJ UBS MARIA DE NAZARE SOUZA MINEIRO,ASSENTAMENTO NAZARE MINEIRO,325,NAZARE MINEIRO,"ASSENTAMENTO NAZARE MINEIRO, NAZARE MINEIRO, LARANJAL DO JARI, AP, BRASIL",,,,
AP,LARANJAL DO JARI,PMLAJ UBS CENTRO VANEA SILVA,RUA DA USINA,S/N,CENTRO,"RUA DA USINA, CENTRO, LARANJAL DO JARI, AP, BRASIL",,,,
AP,LARANJAL DO JARI,PMLAJ UBS CONCEICAO DO MURIACA,COMUNIDADE CONCEICAO DO MURIACA,S/N,ZONA RURAL,"COMUNIDADE CONCEICAO DO MURIACA, ZONA RURAL, LARANJAL DO JARI, AP, BRASIL",,,,
AP,LARANJAL DO JARI,PMLAJ PS SAO FRANCISCO DO IRATAPURU,COMUNIDADE SAO FRANCISCO DO IRATAPURU,S/N,SAO FRANCISCO DO IRA,"COMUNIDADE SAO FRANCISCO DO IRATAPURU, SAO FRANCISCO DO IRA, LARANJAL DO JARI, AP, BRASIL",,,,
AP,LARANJAL DO JARI,PMLAJ UBS DR LELIO SILVA,AV EMILIO MEDICE,2278,AGRESTE,"AV EMILIO MEDICE, AGRESTE, LARANJAL DO JARI, AP, BRASIL",,,,
AP,LARANJAL DO JARI,PMLAJ UBS NOVA ESPERANCA,RUA ESPLANADA,666,NOVA ESPERANCA,"RUA ESPLANADA, NOVA ESPERANCA, LARANJAL DO JARI, AP, BRASIL",,,,
AP,LARANJAL DO JARI,PMLAJ UBS AGUA BRANCA,AGUA BRANCA,S/N,COMUNIDADE DE AGUA B,"AGUA BRANCA, COMUNIDADE DE AGUA B, LARANJAL DO JARI, AP, BRASIL",,,,
AP,LARANJAL DO JARI,PMLAJ UBS BURITIZAL,RUA PIQUIA,313,BURITIZAL,"RUA PIQUIA, BURITIZAL, LARANJAL DO JARI, AP, BRASIL",,,,
AP,LARANJAL DO JARI,PMLAJ UBS ENF RUINALDO NASCIMENTO,RUA FERREIRA GOMES,S/N,CASTANHEIRA,"RUA FERREIRA GOMES, CASTANHEIRA, LARANJAL DO JARI, AP, BRASIL",,,,
AP,LARANJAL DO JARI,PMLAJ UBS PADARIA,LARANJAL DO JARI,S/N,COMUNIDADE PADARIA,"LARANJAL DO JARI, COMUNIDADE PADARIA, LARANJAL DO JARI, AP, BRASIL",,,,
AP,LARANJAL DO JARI,PMLAJ PS SANTO ANTONIO DA CACHOEIRA,COMUNIDADE SANTO ANTONIO DA CACHOEIRA,S/N,SANTO ANTONIO DA CAC,"COMUNIDADE SANTO ANTONIO DA CACHOEIRA, SANTO ANTONIO DA CAC, LARANJAL DO JARI, AP, BRASIL",,,,
AP,MACAPA,PMM P S IPIXUNA MIRANDA,IPIXUNA MIRANDA,56,IPIXUNA,"IPIXUNA MIRANDA, IPIXUNA, MACAPA, AP, BRASIL",,,,
AP,MACAPA,PMM U B S SAO JOAQUIM DO PACUI,DISTRITO DE PACUI,1,DISTRITO DO PACUI,"DISTRITO DE PACUI, DISTRITO DO PACUI, MACAPA, AP, BRASIL",,,,
AP,MACAPA,PMM U B S SANTA LUZIA DO PACUI,SANTA LUZIA DO PACUI,1,DISTRITO DE PACUI,"SANTA LUZIA DO PACUI, DISTRITO DE PACUI, MACAPA, AP, BRASIL",,,,
AP,MACAPA,PMM P S SAO BENEDITO DO PACUI,REGIAO DO PACUI,1,PACUI,"REGIAO DO PACUI, PACUI, MACAPA, AP, BRASIL",,,,
AP,MACAPA,UBS PERPETUO SOCORRO,RUA RIO XINGU,1,PERPETUO SOCORRO,"RUA RIO XINGU, PERPETUO SOCORRO, MACAPA, AP, BRASIL",,,,
AP,MACAPA,PMM U B S CORACAO,AV PROFESSORA NEUZA AMARAL,1163,CORACAO,"AV PROFESSORA NEUZA AMARAL, CORACAO, MACAPA, AP, BRASIL",,,,
AP,MACAPA,PMM P S BACABA,DISTRITO CARAPANATUBA,1,BAILIQUE,"DISTRITO CARAPANATUBA, BAILIQUE, MACAPA, AP, BRASIL",,,,
AP,MACAPA,PMM P S CORRE AGUA DO PIRIRIM,SAO JOAQUIM DO PACUI,1,PACUI,"SAO JOAQUIM DO PACUI, PACUI, MACAPA, AP, BRASIL",,,,
AP,MACAPA,PMM UBS MARABAIXO,RUA QUATRO,S/N,MARABAIXO II,"RUA QUATRO, MARABAIXO II, MACAPA, AP, BRASIL",,,,
AP,MACAPA,PMM U B S CARMO DO MARUANUM,MARUANUM,1,MARUANUM,"MARUANUM, MARUANUM, MACAPA, AP, BRASIL",,,,
AP,MACAPA,PMM USB PACOVAL,RUA GENERAL RONDON,1,JULIAO RAMOS,"RUA GENERAL RONDON, JULIAO RAMOS, MACAPA, AP, BRASIL",,,,
AP,MACAPA,PMM U B S BRASIL NOVO,AVENIDA ABACATAL,177,BRASIL NOVO,"AVENIDA ABACATAL, BRASIL NOVO, MACAPA, AP, BRASIL",,,,
AP,MACAPA,PMM U B S RD HOZANAN DE SOUZA,RUA HILDEMAR MAIA,3710,MUCA,"RUA HILDEMAR MAIA, MUCA, MACAPA, AP, BRASIL",,,,
AP,MACAPA,PMM UBS CARAPANATUBA,CARAPANATUBA,2,CARAPANATUBA,"CARAPANATUBA, CARAPANATUBA, MACAPA, AP, BRASIL",,,,
AP,MACAPA,PMM U B S DR MARCELO CANDIA,RUA VEREADOR JULIO MARIA P PEREIRA,1329,JARDIM FELICIDADE I,"RUA VEREADOR JULIO MARIA P PEREIRA, JARDIM FELICIDADE I, MACAPA, AP, BRASIL",,,,
AP,MACAPA,PMM UBS ILHA REDONDA,COMUNIDADE DE ILHA REDONDA,S/N,CENTRO,"COMUNIDADE DE ILHA REDONDA, CENTRO, MACAPA, AP, BRASIL",,,,
AP,MACAPA,PMM P S LIBERDADE DO PACUI,LIBERDADE DO PACUI,1,PACUI,"LIBERDADE DO PACUI, PACUI, MACAPA, AP, BRASIL",,,,
AP,MACAPA,UNIDADE BASICA DE SAUDE DA UNIFAP,RUA AMADEU GAMA,1373,JARDIM MARCO ZERO,"RUA AMADEU GAMA, JARDIM MARCO ZERO, MACAPA, AP, BRASIL",,,,
AP,MACAPA,PMM U B S VILA PROGR DO BAILIQUE,DISTRITO DO BAILIQUE,1,BAILIQUE,"DISTRITO DO BAILIQUE, BAILIQUE, MACAPA, AP, BRASIL",,,,
AP,MACAPA,PMM P S TORRAO DO MATAPI,MATAPI,1,MATAPI,"MATAPI, MATAPI, MACAPA, AP, BRASIL",,,,
AP,MACAPA,PMM U B S DR ALVARO P CORREA,AVENIDA ARMANDO TUPA DE ABREU,110,SAO LAZARO,"AVENIDA ARMANDO TUPA DE ABREU, SAO LAZARO, MACAPA, AP, BRASIL",,,,
AP,MACAPA,PMM P S SAO FRANC DO ALTO,SAO FRANCISCO DO ALTO DO PACUI,1,PACUI,"SAO FRANCISCO DO ALTO DO PACUI, PACUI, MACAPA, AP, BRASIL",,,,
AP,MACAPA,PMM U B S SANTO ANT DA PEDREIRA,SANTO ANTONIO DA PEDREIRA,1,SANTANTPEDREIRA,"SANTO ANTONIO DA PEDREIRA, SANTANTPEDREIRA, MACAPA, AP, BRASIL",,,,
AP,MACAPA,PMM U B S TESSALONICA,DISTRITO DO MARUANUM,1,DISTRITO DO MARUANUM,"DISTRITO DO MARUANUM, DISTRITO DO MARUANUM, MACAPA, AP, BRASIL",,,,
AP,MACAPA,PMM U B S DOS CONGOS,AVN CLAUDOMIRO DE MORAES,340,CONGOS,"AVN CLAUDOMIRO DE MORAES, CONGOS, MACAPA, AP, BRASIL",,,,
AP,MACAPA,PMM P S FOZ DO MACACOARI II,MACACOARIBAILIQUE,S/N,AREA RURAL,"MACACOARIBAILIQUE, AREA RURAL, MACAPA, AP, BRASIL",,,,
AP,MACAPA,PMM P S DO MARUANUM II,DISTRITO DE MACAPA,1,MARUANUM,"DISTRITO DE MACAPA, MARUANUM, MACAPA, AP, BRASIL",,,,
AP,MACAPA,PMM U B S DO CURIAU,CURIAU,1,CURIAU,"CURIAU, CURIAU, MACAPA, AP, BRASIL",,,,
AP,MACAPA,PMM UBS CIDADE NOVA,RUA BEIRA RIO,518,CIDADE NOVA I,"RUA BEIRA RIO, CIDADE NOVA I, MACAPA, AP, BRASIL",,,,
AP,MACAPA,PMM P S ARRAIOL DO BAILIQUE,BAILIQUE,1,BAILIQUE,"BAILIQUE, BAILIQUE, MACAPA, AP, BRASIL",,,,
AP,MACAPA,PMM P S LIMAO DO CURUA,LIMAO DO CURUA BAILIQUE,1,LIMAO DO CURUA,"LIMAO DO CURUA BAILIQUE, LIMAO DO CURUA, MACAPA, AP, BRASIL",,,,
AP,MACAPA,PMM U B S DR LELIO SILVA,RUA JOSE VALENTE DOS SANTOS,126,NOVO BURITIZAL,"RUA JOSE VALENTE DOS SANTOS, NOVO BURITIZAL, MACAPA, AP, BRASIL",,,,
AP,MACAPA,PMM U B S PEDRO BARROS MONTEIRO,PASSAGEM DONA MARCIA,445,DISTRITO DE FAZENDIN,"PASSAGEM DONA MARCIA, DISTRITO DE FAZENDIN, MACAPA, AP, BRASIL",,,,
AP,MACAPA,PMM U B S DR RUBIM B ARONOVITCH,AVENIDA SEIS DE SETEMBRO,212,SANTA INES,"AVENIDA SEIS DE SETEMBRO, SANTA INES, MACAPA, AP, BRASIL",,,,
AP,MACAPA,PMM UBS ABACATE DA PEDREIRA,PEDREIRA,1,PEDREIRA,"PEDREIRA, PEDREIRA, MACAPA, AP, BRASIL",,,,
AP,MACAPA,PMM P S FREGUESIA DO BAILIQUE,BAILIQUE,1,BAILIQUE,"BAILIQUE, BAILIQUE, MACAPA, AP, BRASIL",,,,
AP,MACAPA,PMM U B S L B FONTOURA,RUA INSPETOR AIMORES,191,JARDIM MARCO ZERO,"RUA INSPETOR AIMORES, JARDIM MARCO ZERO, MACAPA, AP, BRASIL",,,,
AP,MACAPA,UBS MARIANA SOUZA PEREIRA DE BARROS,PEDREIRA,1,DISTRITO DA PEDREIRA,"PEDREIRA, DISTRITO DA PEDREIRA, MACAPA, AP, BRASIL",,,,
AP,MACAPA,PMM P S SAO TOME,DISTRITO DO PACUI,1,PACUI,"DISTRITO DO PACUI, PACUI, MACAPA, AP, BRASIL",,,,
AP,MACAPA,PMM U B S DAS PEDRINHAS,RUA JOAO CASTRO SUSSUARANA,1,JARDIM EQUATORIAL,"RUA JOAO CASTRO SUSSUARANA, JARDIM EQUATORIAL, MACAPA, AP, BRASIL",,,,
AP,MACAPA,PMM UBS TRACAJATUBA I,TRACAJATUBA I PACUI,1,PACUI,"TRACAJATUBA I PACUI, PACUI, MACAPA, AP, BRASIL",,,,
AP,MACAPA,PMM P S DO CANTAZAL,CANTAZAL DO PACUI,1,CANTAZAL DO PACUI,"CANTAZAL DO PACUI, CANTAZAL DO PACUI, MACAPA, AP, BRASIL",,,,
AP,MACAPA,PMM U B S INFRAERO II,AVENIDA CARLOS LINS CORTES,161,INFRAERO II,"AVENIDA CARLOS LINS CORTES, INFRAERO II, MACAPA, AP, BRASIL",,,,
AP,MACAPA,PMM U B S SAO PEDRO DOS BOIS,COMUNIDADE SAO PEDRO DOS BOIS,1,DISTRITO DA PEDREIRA,"COMUNIDADE SAO PEDRO DOS BOIS, DISTRITO DA PEDREIRA, MACAPA, AP, BRASIL",,,,
AP,MACAPA,PMM U B S CONCEICAO R MOITA,AVENIDA RAIMUNDO PEQUILO GOES DE ALMEIDA,294,NOVA ESPERANCA,"AVENIDA RAIMUNDO PEQUILO GOES DE ALMEIDA, NOVA ESPERANCA, MACAPA, AP, BRASIL",,,,
AP,MACAPA,PMM P S ARIRI,MARUANUM,1,DISTRITO DO MARUANUM,"MARUANUM, DISTRITO DO MARUANUM, MACAPA, AP, BRASIL",,,,
AP,MACAPA,PMM U B S NOVO HORIZONTE,AV ALVARO CARVALHO BARBOSA,2246,NOVO HORIZONTE I,"AV ALVARO CARVALHO BARBOSA, NOVO HORIZONTE I, MACAPA, AP, BRASIL",,,,
AP,MAZAGAO,PM MZG POSTO DE SAUDE PANCADA DO CAMAIPI,COMUNIDADE PANCADA DO CAMAIPI,1,CPDO CAMAIPI,"COMUNIDADE PANCADA DO CAMAIPI, CPDO CAMAIPI, MAZAGAO, AP, BRASIL",,,,
AP,MAZAGAO,PM MZG UBS MARIA HELENA COSTA DE SOUZA,LOCALIDADE VILA DO MARACA,1,C V DO MARACA,"LOCALIDADE VILA DO MARACA, C V DO MARACA, MAZAGAO, AP, BRASIL",,,,
AP,MAZAGAO,PM MZG UBS DR SILAS SALGADO,VILA DO CARVAO,1,VILA DO CARVAO,"VILA DO CARVAO, VILA DO CARVAO, MAZAGAO, AP, BRASIL",,,,
AP,MAZAGAO,PM MZG POSTO DE SAUDE FOZ DO MAZAGAO VELHO,VILA FOZ DO MAZAGAO VELHO,1,V F DO M VELHO,"VILA FOZ DO MAZAGAO VELHO, V F DO M VELHO, MAZAGAO, AP, BRASIL",,,,
AP,MAZAGAO,PM MZG POSTO DE SAUDE PIQUIAZAL,COMUNIDADE PIQUIAZAL,S/N,COMUNIDADE PIQUIAZAL,"COMUNIDADE PIQUIAZAL, COMUNIDADE PIQUIAZAL, MAZAGAO, AP, BRASIL",,,,
AP,MAZAGAO,PM MZG POSTO DE SAUDE DONA ANTONIA,COMUNIDADE RIO PRETO,S/N,COMUN RIO PRETO,"COMUNIDADE RIO PRETO, COMUN RIO PRETO, MAZAGAO, AP, BRASIL",,,,
AP,MAZAGAO,PM MZG UBS DO MAZAGAO VELHO,DISTRITO DE MAZAGAO VELHO,S/N,MAZAGAO VELHO,"DISTRITO DE MAZAGAO VELHO, MAZAGAO VELHO, MAZAGAO, AP, BRASIL",,,,
AP,MAZAGAO,PM MZG POSTO DE SAUDE CONCEICAO DO MARACA,COMUNIDADE DO MARACA,S/N,COMUNIDADE MARACA,"COMUNIDADE DO MARACA, COMUNIDADE MARACA, MAZAGAO, AP, BRASIL",,,,
AP,MAZAGAO,PM MZG POSTO DE SAUDE MARANATA,COMUNIDADE MARANATA,1,COMUNIDADE MARANATA,"COMUNIDADE MARANATA, COMUNIDADE MARANATA, MAZAGAO, AP, BRASIL",,,,
AP,MAZAGAO,PM MZG POSTO DE SAUDE DO ARIRAMBA,COMUNIDADE DO ARIRAMBA,1,COMUNIDADE ARIRAMBA,"COMUNIDADE DO ARIRAMBA, COMUNIDADE ARIRAMBA, MAZAGAO, AP, BRASIL",,,,
AP,MAZAGAO,PM MZG POSTO DE SAUDE VILA NOVA DO BISPO,COMUNIDADE VILA NOVA,S/N,COMUN VILA NOVA,"COMUNIDADE VILA NOVA, COMUN VILA NOVA, MAZAGAO, AP, BRASIL",,,,
AP,MAZAGAO,PM MZG UBS DR CID SANTANA,RUA PRESIDENTE VARGAS,1,OLARIA,"RUA PRESIDENTE VARGAS, OLARIA, MAZAGAO, AP, BRASIL",,,,
AP,MAZAGAO,PM MZG POSTO DE SAUDE RECREIO DO RIO PRETO,COMUNIDADE DO RIO PRETO,S/N,COMUN RIO PRETO,"COMUNIDADE DO RIO PRETO, COMUN RIO PRETO, MAZAGAO, AP, BRASIL",,,,
AP,MAZAGAO,PM MZG POSTO DE SAUDE CENTRAL DO MARACA,VILA DO MARACA,1,VILA DO MARACA,"VILA DO MARACA, VILA DO MARACA, MAZAGAO, AP, BRASIL",,,,
AP,MAZAGAO,SES AP UNID MISTA DE SAUDE DE MAZAGAO,RUA PRESIDENTE VARGAS,440,CENTRO,"RUA PRESIDENTE VARGAS, CENTRO, MAZAGAO, AP, BRASIL",,,,
AP,MAZAGAO,PM MZG POSTO DE SAUDE SAO JOSE DO AJURUXI,COMUNIDADE SAO JOSE DO AJURUXI,1,C S JOSE DO AJURUX,"COMUNIDADE SAO JOSE DO AJURUXI, C S JOSE DO AJURUX, MAZAGAO, AP, BRASIL",,,,
AP,MAZAGAO,PM MZG POSTO DE SAUDE DE CURUCA,COMUNIDADE DE CURUC,1,C CURUC,"COMUNIDADE DE CURUC, C CURUC, MAZAGAO, AP, BRASIL",,,,
AP,MAZAGAO,PM MZG UBS ADAUTO BASILIO,RUA VEIGA CABRAL,S/N,SAO TIAGO,"RUA VEIGA CABRAL, SAO TIAGO, MAZAGAO, AP, BRASIL",,,,
AP,MAZAGAO,PM MZG UBS TIAGO DA FONSECA E SILVA,RUA INTENDENTE ALFREDO PINTO,S/N,UNIAO,"RUA INTENDENTE ALFREDO PINTO, UNIAO, MAZAGAO, AP, BRASIL",,,,
AP,OIAPOQUE,PMOPQ PS PRIMEIRO DO CASSIPORE,BR 156 KM 100,S/N,CASSIPORE,"BR 156 KM 100, CASSIPORE, OIAPOQUE, AP, BRASIL",,,,
AP,OIAPOQUE,PMOPQ PS DE CLEVELANDIA,LIRA CASTRO,S/N,CLEVELANDIA,"LIRA CASTRO, CLEVELANDIA, OIAPOQUE, AP, BRASIL",,,,
AP,OIAPOQUE,PMOPQ PS VILA VELHA DO CASSIPORE,BR 156 KM 130,S/N,RURAL,"BR 156 KM 130, RURAL, OIAPOQUE, AP, BRASIL",,,,
AP,OIAPOQUE,PMOPQ PS DO PIQUIA KM 30,BR 156 KM 30,S/N,PIQUIA,"BR 156 KM 30, PIQUIA, OIAPOQUE, AP, BRASIL",,,,
AP,OIAPOQUE,PMOPQ UBS DO PLANALTO,RUA ULISSES GUIMARAES,S/N,PLANALTO,"RUA ULISSES GUIMARAES, PLANALTO, OIAPOQUE, AP, BRASIL",,,,
AP,OIAPOQUE,PMOPQ UBS VILA VITORIA,RUA GERVASIO BARBOSA,522,VILA VITORIA,"RUA GERVASIO BARBOSA, VILA VITORIA, OIAPOQUE, AP, BRASIL",,,,
AP,OIAPOQUE,PMOPQ UBS JULIETA PALMERIM,RUA SANTOS DRUMONT,S/N,CENTRO,"RUA SANTOS DRUMONT, CENTRO, OIAPOQUE, AP, BRASIL",,,,
AP,OIAPOQUE,PMOPQ UBS NOVA ESPERANCA,RUA LELIO SILVA,S/N,NOVA ESPERANCA,"RUA LELIO SILVA, NOVA ESPERANCA, OIAPOQUE, AP, BRASIL",,,,
AP,OIAPOQUE,PMOPQ UBS DO INFRAERO,AV SANTA HELENA,1304,INFRAERO,"AV SANTA HELENA, INFRAERO, OIAPOQUE, AP, BRASIL",,,,
AP,PEDRA BRANCA DO AMAPARI,SES AP UNID MISTA DE SAUDE DE PEDRA BRANCA DO AMAPARI,RUA FRANCISCO DUTRA,517,CENTRO,"RUA FRANCISCO DUTRA, CENTRO, PEDRA BRANCA DO AMAPARI, AP, BRASIL",,,,
AP,PEDRA BRANCA DO AMAPARI,PMPBA UBS PEDRA BRANCA DO AMAPARI,RUA FRANCISCO BRAZ,35,CENTRO,"RUA FRANCISCO BRAZ, CENTRO, PEDRA BRANCA DO AMAPARI, AP, BRASIL",,,,
AP,PEDRA BRANCA DO AMAPARI,PMPBA POSTO DE SAUDE SAO SEBASTIAO DO CACHACO,COMUNIDADE DE SAO SEBASTIAO DO CACHACO,1,COMUNIDADE SAO SEBAS,"COMUNIDADE DE SAO SEBASTIAO DO CACHACO, COMUNIDADE SAO SEBAS, PEDRA BRANCA DO AMAPARI, AP, BRASIL",,,,
AP,PEDRA BRANCA DO AMAPARI,PMPBA POSTO DE SAUDE DO CACHORRINHO,COMUNIDADE DO CACHORRINHO,1,COMUNIDADE CACHORRIN,"COMUNIDADE DO CACHORRINHO, COMUNIDADE CACHORRIN, PEDRA BRANCA DO AMAPARI, AP, BRASIL",,,,
AP,PEDRA BRANCA DO AMAPARI,PMPBA POSTO DE SAUDE SAO JOSE DO CACHORRINHO,COLONIA DO CACHORRINHO,S/N,COLONIA DO CACHORRIN,"COLONIA DO CACHORRINHO, COLONIA DO CACHORRIN, PEDRA BRANCA DO AMAPARI, AP, BRASIL",,,,
AP,PEDRA BRANCA DO AMAPARI,PMPBA UBS AGUA FRIA,COMUNIDADE AGUA FRIA,1,AGUA FRIA,"COMUNIDADE AGUA FRIA, AGUA FRIA, PEDRA BRANCA DO AMAPARI, AP, BRASIL",,,,
AP,PEDRA BRANCA DO AMAPARI,PMPBA UBS SETE ILHAS,COMUNIDADE SETE ILHAS,1,SETE ILHAS,"COMUNIDADE SETE ILHAS, SETE ILHAS, PEDRA BRANCA DO AMAPARI, AP, BRASIL",,,,
AP,PEDRA BRANCA DO AMAPARI,PMPBA POSTO DE SAUDE DO RIOZINHO,COMUNIDADE DO RIOZINHO,1,COMUNIDADE DO RIOZIN,"COMUNIDADE DO RIOZINHO, COMUNIDADE DO RIOZIN, PEDRA BRANCA DO AMAPARI, AP, BRASIL",,,,
AP,PEDRA BRANCA DO AMAPARI,PMPBA POSTO DE SAUDE DO CENTRO NOVO,COMUNIDADE DO CENTRO NOVO,S/N,COMUNIDADE DE CENTRO,"COMUNIDADE DO CENTRO NOVO, COMUNIDADE DE CENTRO, PEDRA BRANCA DO AMAPARI, AP, BRASIL",,,,
AP,PEDRA BRANCA DO AMAPARI,PMPBA POSTO DE SAUDE TUCANO II,COMUNIDADE DO TUCANO II,S/N,COMUNIDADE DO TUCANO,"COMUNIDADE DO TUCANO II, COMUNIDADE DO TUCANO, PEDRA BRANCA DO AMAPARI, AP, BRASIL",,,,
AP,PORTO GRANDE,PMPG UBS MANOEL CORTEZ,JOSE AIRTON NASCIMENTO,S/N,MANOEL CORTEZ,"JOSE AIRTON NASCIMENTO, MANOEL CORTEZ, PORTO GRANDE, AP, BRASIL",,,,
AP,PORTO GRANDE,PMPG PS DO VILA NOVA,GARIMPO DO VILA NOVA,S/N,ZONA RURAL,"GARIMPO DO VILA NOVA, ZONA RURAL, PORTO GRANDE, AP, BRASIL",,,,
AP,PORTO GRANDE,PMPG PS MANOEL CAMELO DE OLIVEIRA,ASSENTAMENTO NOVA COLINA,S/N,NOVA COLINA ZONA RUR,"ASSENTAMENTO NOVA COLINA, NOVA COLINA ZONA RUR, PORTO GRANDE, AP, BRASIL",,,,
AP,PORTO GRANDE,PMPG UBS MANOEL DE SOUSA PEREIRA,COLONIA AGRICOLA DO MATAPI,S/N,ZONA RURAL,"COLONIA AGRICOLA DO MATAPI, ZONA RURAL, PORTO GRANDE, AP, BRASIL",,,,
AP,PORTO GRANDE,PMPG PS M BRASILINA GONCALVES,RODOVIA PERIMETRAL NORTE KM 142,S/N,ZONA RURAL,"RODOVIA PERIMETRAL NORTE KM 142, ZONA RURAL, PORTO GRANDE, AP, BRASIL",,,,
AP,PORTO GRANDE,PMPG UBS JOSE LUIZ GOMES BARRETO,RODOVIA PERIMETRAL NORTE KM 150,S/N,ZONA RURAL,"RODOVIA PERIMETRAL NORTE KM 150, ZONA RURAL, PORTO GRANDE, AP, BRASIL",,,,
AP,PORTO GRANDE,PMPG UBS CENTRO I E II,AV OITO DE AGOSTO,S/N,CENTRO,"AV OITO DE AGOSTO, CENTRO, PORTO GRANDE, AP, BRASIL",,,,
AP,PORTO GRANDE,PMPG UBS WENDER RODRIGUES DE SOUSA,AV PRINCESA DAYANE,S/N,AEROPORTO,"AV PRINCESA DAYANE, AEROPORTO, PORTO GRANDE, AP, BRASIL",,,,
AP,PORTO GRANDE,PMPG PS DO MUNGUBA,RODOVIA PERIMETRAL NORTE KM 162,S/N,ZONA RURAL,"RODOVIA PERIMETRAL NORTE KM 162, ZONA RURAL, PORTO GRANDE, AP, BRASIL",,,,
AP,PORTO GRANDE,PMPG UBS NOVA ESPERANCA,RUA SOLDADO CLAUDINEI PEREIRA DOS SANTOS,S/N,NOVA ESPERANCA,"RUA SOLDADO CLAUDINEI PEREIRA DOS SANTOS, NOVA ESPERANCA, PORTO GRANDE, AP, BRASIL",,,,
AP,PORTO GRANDE,PMPG PS VILA DO MUNGUBA,RODOVIA PERIMETRAL NORTE KM 160,S/N,VILA DO MUNGUBA ZONA,"RODOVIA PERIMETRAL NORTE KM 160, VILA DO MUNGUBA ZONA, PORTO GRANDE, AP, BRASIL",,,,
AP,PRACUUBA,PMP POSTO DE SAUDE DO BREU,RODOVIA BR 156,S/N,BREU,"RODOVIA BR 156, BREU, PRACUUBA, AP, BRASIL",,,,
AP,PRACUUBA,PMP UNIDADE BASICA DE SAUDE DE PRACUUBA,RUA ELOGIO FERREIRA,72,CENTRO,"RUA ELOGIO FERREIRA, CENTRO, PRACUUBA, AP, BRASIL",,,,
AP,PRACUUBA,PMP POSTO DE SAUDE DO PERNAMBUCO,VILA DO PERNAMBUCO,S/N,CENTRO,"VILA DO PERNAMBUCO, CENTRO, PRACUUBA, AP, BRASIL",,,,
AP,PRACUUBA,PMP UNIDADE BASICA DE SAUDE DO CUJUBIM,RODOVIA BR 156,S/N,CUJUBIM,"RODOVIA BR 156, CUJUBIM, PRACUUBA, AP, BRASIL",,,,
AP,PRACUUBA,PMP POSTO DE SAUDE DO FLEXAL,RODOVIA BR 156,S/N,FLEXAL,"RODOVIA BR 156, FLEXAL, PRACUUBA, AP, BRASIL",,,,
AP,SANTANA,PM STN PS IGARAPE DO LAGO,BR 156,S/N,IGARAPE DO LAGO,"BR 156, IGARAPE DO LAGO, SANTANA, AP, BRASIL",,,,
AP,SANTANA,PM STN UBS ILHA DE SANTANA,RAMAL DA PICARREIRA,1,ILHA DE SANTANA,"RAMAL DA PICARREIRA, ILHA DE SANTANA, SANTANA, AP, BRASIL",,,,
AP,SANTANA,PM STN UBS DR IACY ALCANTARA,RUA JOAO LEITE COUTINHO,S/N,FONTE NOVA,"RUA JOAO LEITE COUTINHO, FONTE NOVA, SANTANA, AP, BRASIL",,,,
AP,SANTANA,PM STN UBS ANTONIO SERIEIRO,AVENIDA MARIA COLARES,1850,NOVA BRASILIA,"AVENIDA MARIA COLARES, NOVA BRASILIA, SANTANA, AP, BRASIL",,,,
AP,SANTANA,PM STN UBS FOZ RIO VILA NOVA,BR 156,S/N,RIO VILA NOVA,"BR 156, RIO VILA NOVA, SANTANA, AP, BRASIL",,,,
AP,SANTANA,PM STN PS ANAUERAPUCU,RODOVIA AP010,S/N,VILA ANAUERAPUCU,"RODOVIA AP010, VILA ANAUERAPUCU, SANTANA, AP, BRASIL",,,,
AP,SANTANA,PM STN UBS SANTO ANTONIO,BR 156,S/N,SANTO ANTONIO,"BR 156, SANTO ANTONIO, SANTANA, AP, BRASIL",,,,
AP,SANTANA,PM STN UBS PICARREIRA,RAMAL DO DELTA,S/N,PICARREIRA,"RAMAL DO DELTA, PICARREIRA, SANTANA, AP, BRASIL",,,,
AP,SANTANA,PM STN PS MATAO DO PIACACA,ASSENTAMENTO MATAO DO PIACACA,1,MATAO DO PIACACA,"ASSENTAMENTO MATAO DO PIACACA, MATAO DO PIACACA, SANTANA, AP, BRASIL",,,,
AP,SANTANA,PM STN UBS TRES IRMAOS,CANAL DO RIO VILA NOVA,1,VILA NOVA,"CANAL DO RIO VILA NOVA, VILA NOVA, SANTANA, AP, BRASIL",,,,
AP,SANTANA,PM STN UBS ALTO PIRATIVA,COMUNIDADE DO ALTO PIRATIVA,1,COMUN ALTO PIRATIVA,"COMUNIDADE DO ALTO PIRATIVA, COMUN ALTO PIRATIVA, SANTANA, AP, BRASIL",,,,
AP,SANTANA,PM STN POLICLINICA DR ALBERTO LIMA,TRAVESSA MOURA DE CARVALHO,30,DANIEL,"TRAVESSA MOURA DE CARVALHO, DANIEL, SANTANA, AP, BRASIL",,,,
AP,SANTANA,PM STN POLICLINICA MARIA TADEU AGUIAR,PRESIDENTE JUSCELINO KUBITSCHEK DE OLIVEIRA,529,PARAISO,"PRESIDENTE JUSCELINO KUBITSCHEK DE OLIVEIRA, PARAISO, SANTANA, AP, BRASIL",,,,
AP,SANTANA,PM STN UBS DA FAMILIA ELESBAO,VILA DO ELESBAO,1,RAMAL DA OLARIA,"VILA DO ELESBAO, RAMAL DA OLARIA, SANTANA, AP, BRASIL",,,,
AP,SANTANA,PM STN UBS IGARAPE DA FORTALEZA,RODOVIA SALVADOR DINIZ,2477,IGARAPE DA FORTALEZA,"RODOVIA SALVADOR DINIZ, IGARAPE DA FORTALEZA, SANTANA, AP, BRASIL",,,,
AP,SANTANA,PM STN UBS PARQUE DAS LARANJEIRAS,RUA DAS ORQUIDEAS,S/N,PARQUE DAS LARANJEIR,"RUA DAS ORQUIDEAS, PARQUE DAS LARANJEIR, SANTANA, AP, BRASIL",,,,
AP,SANTANA,PM STN UBS FLORIANO REGO,RUA CLAUDIO LUCIO MONTEIRO,2,COMERCIAL,"RUA CLAUDIO LUCIO MONTEIRO, COMERCIAL, SANTANA, AP, BRASIL",,,,
AP,SERRA DO NAVIO,PMSN UBS SEBASTIAO MOURA DE ARAUJO,COMUNIDADE DO CACHACO,S/N,C CACHACO,"COMUNIDADE DO CACHACO, C CACHACO, SERRA DO NAVIO, AP, BRASIL",,,,
AP,SERRA DO NAVIO,PMSN UBS MUNICIPAL DA CIDADE DE SERRA DO NAVIO,RUA A1,S/N,VILA INTERMEDIARIA,"RUA A1, VILA INTERMEDIARIA, SERRA DO NAVIO, AP, BRASIL",,,,
AP,SERRA DO NAVIO,PMSN UBS JACIRA RIBEIRO DA LUZ,ASSENTAMENTO DE SERRA DO NAVIO,S/N,ASSENTAMENTO DE SERR,"ASSENTAMENTO DE SERRA DO NAVIO, ASSENTAMENTO DE SERR, SERRA DO NAVIO, AP, BRASIL",,,,
AP,SERRA DO NAVIO,PMSN UBS ALCIMAR DE ALMEIDA SILVA,COMUNIDADE RIBEIRINHA DO CAPIVARA,S/N,COMUNIDADE DO CAPIVA,"COMUNIDADE RIBEIRINHA DO CAPIVARA, COMUNIDADE DO CAPIVA, SERRA DO NAVIO, AP, BRASIL",,,,
AP,SERRA DO NAVIO,SES AP UNID M S DE SERRA D0 NAVIO,RUA 2,529,VILA INTERMEDIARIA,"RUA 2, VILA INTERMEDIARIA, SERRA DO NAVIO, AP, BRASIL",,,,
AP,SERRA DO NAVIO,PMSN UBS LUCILIANA BASTOS DA SILVA,DIDIMO FERREIRA BARBOSA,755,COLONIA AGUA BRANCA,"DIDIMO FERREIRA BARBOSA, COLONIA AGUA BRANCA, SERRA DO NAVIO, AP, BRASIL",,,,
AP,SERRA DO NAVIO,PMSN UBS GIMINIANO LIBERATO MARTINS JUNIOR,COMUNIDADE RIBEIRINHA DO PEDRA PRETA,S/N,PEDRA PRETA,"COMUNIDADE RIBEIRINHA DO PEDRA PRETA, PEDRA PRETA, SERRA DO NAVIO, AP, BRASIL",,,,
AP,TARTARUGALZINHO,PM TARTA POSTO DE SAUDE GUANABARA,COMUNIDADE GUANABARA,S/N,GUANABARA,"COMUNIDADE GUANABARA, GUANABARA, TARTARUGALZINHO, AP, BRASIL",,,,
AP,TARTARUGALZINHO,PM TARTA POSTO DE SAUDE ENTRE RIOS,VILA DO TREVO,S/N,ENTRE RIOS,"VILA DO TREVO, ENTRE RIOS, TARTARUGALZINHO, AP, BRASIL",,,,
AP,TARTARUGALZINHO,PM TARTA POSTO DE SAUDE JANARY I,GOVERNADOR JANARY I,S/N,JANARY I,"GOVERNADOR JANARY I, JANARY I, TARTARUGALZINHO, AP, BRASIL",,,,
AP,TARTARUGALZINHO,PM TARTA POSTO DE SAUDE NOVA VIDA,COMUNIDADE NOVO VIDA,S/N,NOVA VIDA,"COMUNIDADE NOVO VIDA, NOVA VIDA, TARTARUGALZINHO, AP, BRASIL",,,,
AP,TARTARUGALZINHO,PM TARTA POSTO DE SAUDE ASSENTAMENTO SAO BENEDITO,ASSENTAMENTO SAO BENEDITO,S/N,ASSENTAMENTO SAO BEN,"ASSENTAMENTO SAO BENEDITO, ASSENTAMENTO SAO BEN, TARTARUGALZINHO, AP, BRASIL",,,,
AP,TARTARUGALZINHO,PM TARTA POSTO DE SAUDE FAZENDA MODELO,COMUNIDADE FAZENDA MODELO,S/N,FAZENDA MODELO,"COMUNIDADE FAZENDA MODELO, FAZENDA MODELO, TARTARUGALZINHO, AP, BRASIL",,,,
AP,TARTARUGALZINHO,PM TARTA POSTO DE SAUDE TERRA FIRME,COMUNIDADE DO TERRA FIRME,S/N,TERRA FIRME,"COMUNIDADE DO TERRA FIRME, TERRA FIRME, TARTARUGALZINHO, AP, BRASIL",,,,
AP,TARTARUGALZINHO,PM TARTA UBS IPUJUCAN DA LUZ NASCIMENTO,RUA DAS PALMEIRAS,S/N,ADELINO GURJAO,"RUA DAS PALMEIRAS, ADELINO GURJAO, TARTARUGALZINHO, AP, BRASIL",,,,
AP,TARTARUGALZINHO,PM TARTA UBS JOSE ALVES MEIRELES,ALAMEDA EUCALIPTO,657,CENTRO,"ALAMEDA EUCALIPTO, CENTRO, TARTARUGALZINHO, AP, BRASIL",,,,
AP,TARTARUGALZINHO,PM TARTA POSTO DE SAUDE BOM JESUS,BOM JESUS,S/N,BOM JESUS,"BOM JESUS, BOM JESUS, TARTARUGALZINHO, AP, BRASIL",,,,
AP,TARTARUGALZINHO,PM TARTA UBS COLONIA DO CEDRO,COLONIA DO CEDRO,S/N,COLONIA DO CEDRO,"COLONIA DO CEDRO, COLONIA DO CEDRO, TARTARUGALZINHO, AP, BRASIL",,,,
AP,TARTARUGALZINHO,PM TARTA POSTO DE SAUDE SANTA ROSA,COMUNIDADE SANTA ROSA,S/N,SANTA ROSA,"COMUNIDADE SANTA ROSA, SANTA ROSA, TARTARUGALZINHO, AP, BRASIL",,,,
AP,TARTARUGALZINHO,PM TARTA POSTO DE SAUDE LAGO NOVO,LAGO NOVO,S/N,LAGO NOVO,"LAGO NOVO, LAGO NOVO, TARTARUGALZINHO, AP, BRASIL",,,,
AP,TARTARUGALZINHO,PM TARTA UBS LIVRAMENTO,LIVRAMENTO,S/N,LIVRAMENTO,"LIVRAMENTO, LIVRAMENTO, TARTARUGALZINHO, AP, BRASIL",,,,
AP,TARTARUGALZINHO,PM TARTA POSTO DE SAUDE SAO BENEDITO,COMUNIDADE SAO BENEDITO,S/N,SAO BENEDITO,"COMUNIDADE SAO BENEDITO, SAO BENEDITO, TARTARUGALZINHO, AP, BRASIL",,,,
AP,TARTARUGALZINHO,PM TARTA POSTO DE SAUDE ITAUBAL,COMUNIDADE ITAUBAL,S/N,ITAUBAL,"COMUNIDADE ITAUBAL, ITAUBAL, TARTARUGALZINHO, AP, BRASIL",,,,
AP,TARTARUGALZINHO,SES AP UNID MISTA DE SAUDE DE TARTARUGALZINHO,RUA MAE VERONICA,482,CENTRO,"RUA MAE VERONICA, CENTRO, TARTARUGALZINHO, AP, BRASIL",,,,
AP,VITORIA DO JARI,PMVJ UBS SANTA CLARA,PASSARELA JOSE SIMEAO DE SOUZA,S/N,SANTA CLARA,"PASSARELA JOSE SIMEAO DE SOUZA, SANTA CLARA, VITORIA DO JARI, AP, BRASIL",,,,
AP,VITORIA DO JARI,SES AP UNID MISTA DE SAUDE DE VITORIA DO JARI,AVN AYRTON SENA,1180,COMERCIAL,"AVN AYRTON SENA, COMERCIAL, VITORIA DO JARI, AP, BRASIL",,,,
AP,VITORIA DO JARI,PMVJ UBS JARILANDIA,LOCALIDADE DE JARILANDIA,1,V DE JARILANDIA,"LOCALIDADE DE JARILANDIA, V DE JARILANDIA, VITORIA DO JARI, AP, BRASIL",,,,
AP,VITORIA DO JARI,PMVJ POSTO DE SAUDE PAGA DIVIDAS,LOCALIDADE PAGA DIVIDAS,1,L P DIVIDAS,"LOCALIDADE PAGA DIVIDAS, L P DIVIDAS, VITORIA DO JARI, AP, BRASIL",,,,
AP,VITORIA DO JARI,PMVJ UBS BEIRA RIO,AV AIRTON SENA,303,COMERCIAL,"AV AIRTON SENA, COMERCIAL, VITORIA DO JARI, AP, BRASIL",,,,
AP,VITORIA DO JARI,PMVJ UBS CIDADE LIVRE,RUA PEDRO LADISLAU DA SILVEIRA,1,CIDADE LIVRE,"RUA PEDRO LADISLAU DA SILVEIRA, CIDADE LIVRE, VITORIA DO JARI, AP, BRASIL",,,,
AP,VITORIA DO JARI,UBS CAULIM,AVENIDA 08 DE SETEMBRO,0,VILA CAULIM,"AVENIDA 08 DE SETEMBRO, VILA CAULIM, VITORIA DO JARI, AP, BRASIL",,,,
AP,VITORIA DO JARI,PMVJ POSTO DE SAUDE SAO JOAO DO CAJARI,LOCALIDADE DE SAO JOAO DO CAJARI,1,RIO CAJARI,"LOCALIDADE DE SAO JOAO DO CAJARI, RIO CAJARI, VITORIA DO JARI, AP, BRASIL",,,,
AP,VITORIA DO JARI,PMVJ UBS ATERRO DO MURIACA,LOCALIDADE DO MURIACA,1,VILA DO MURIACA,"LOCALIDADE DO MURIACA, VILA DO MURIACA, VITORIA DO JARI, AP, BRASIL",,,,
